group,file,mean_ink,edge_px_median,edge_samples
freetype,ft_darken_dark_2x.png,0.10387910157442093,0.8145454474835357,974
freetype,ft_darken_dark_2x_zoom3.png,0.06802190840244293,0.8,78
freetype,ft_darken_light_2x.png,0.10388310998678207,0.812749003212054,974
freetype,ft_darken_light_2x_zoom3.png,0.06803423911333084,0.8,78
freetype,ft_default_dark_2x.png,0.10357815027236938,0.8145454474835357,975
freetype,ft_default_dark_2x_zoom3.png,0.06399199366569519,0.8108597355049422,78
freetype,ft_default_light_2x.png,0.10358195006847382,0.812749003212054,975
freetype,ft_default_light_2x_zoom3.png,0.06399351358413696,0.8095238089493884,78
rust,matrix_15N_dark_2x.png,0.05112797021865845,0.8,128
rust,rd_base_dark_1x.png,0.09814108163118362,0.8201372711343212,496
rust,rd_base_dark_1x_zoom3.png,0.07256921380758286,0.8072072280129586,42
rust,rd_base_dark_2x.png,0.09822288900613785,0.8145454474835357,973
rust,rd_base_dark_2x_zoom3.png,0.07150701433420181,0.8108597355049422,78
rust,rd_base_light_1x.png,0.09813565760850906,0.8209255269346054,496
rust,rd_base_light_1x_zoom3.png,0.0725613608956337,0.8063241102920106,42
rust,rd_base_light_2x.png,0.09822101145982742,0.8159999990272523,973
rust,rd_base_light_2x_zoom3.png,0.07150775194168091,0.8095238089493884,78
rust,rd_both-hi_dark_1x.png,0.19153960049152374,0.8,538
rust,rd_both-hi_dark_1x_zoom3.png,0.21281376481056213,0.8,42
rust,rd_both-hi_dark_2x.png,0.1364930123090744,0.90505053992418,1015
rust,rd_both-hi_dark_2x_zoom3.png,0.14202889800071716,0.8,78
rust,rd_both-hi_light_1x.png,0.17995767295360565,0.8,534
rust,rd_both-hi_light_1x_zoom3.png,0.20244081318378448,0.8,42
rust,rd_both-hi_light_2x.png,0.12692663073539734,0.8464730261147215,1009
rust,rd_both-hi_light_2x_zoom3.png,0.13069964945316315,0.8,78
rust,rd_both-md_dark_1x.png,0.151423379778862,1.0860606186151287,534
rust,rd_both-md_dark_1x_zoom3.png,0.15816979110240936,1.082779481150912,42
rust,rd_both-md_dark_2x.png,0.11644037067890167,0.9846153846153847,1010
rust,rd_both-md_dark_2x_zoom3.png,0.10784932971000671,1.1130434782608696,78
rust,rd_both-md_light_1x.png,0.13493134081363678,1.0569947984139298,526
rust,rd_both-md_light_1x_zoom3.png,0.13355591893196106,1.1558072850331704,42
rust,rd_both-md_light_2x.png,0.10838758945465088,0.8571428534935932,993
rust,rd_both-md_light_2x_zoom3.png,0.09425335377454758,0.9532710171514271,78
rust,rd_ctr_dark_1x.png,0.10223600268363953,0.8,484
rust,rd_ctr_dark_1x_zoom3.png,0.07970504462718964,0.8,36
rust,rd_ctr_dark_2x.png,0.10047350823879242,0.8,964
rust,rd_ctr_dark_2x_zoom3.png,0.0745214968919754,0.8,72
rust,rd_ctr_light_1x.png,0.09353148192167282,0.8,478
rust,rd_ctr_light_1x_zoom3.png,0.06743217259645462,0.8,36
rust,rd_ctr_light_2x.png,0.09586410969495773,0.8,957
rust,rd_ctr_light_2x_zoom3.png,0.06703769415616989,0.8,72
rust,rd_gam_dark_1x.png,0.11545073986053467,0.8220183630080331,496
rust,rd_gam_dark_1x_zoom3.png,0.0983385294675827,0.8035874301998083,42
rust,rd_gam_dark_2x.png,0.10705500841140747,0.8145454474835357,973
rust,rd_gam_dark_2x_zoom3.png,0.08563189953565598,0.8035874301998083,78
rust,rd_gam_light_1x.png,0.10840073972940445,0.8225806437773896,496
rust,rd_gam_light_1x_zoom3.png,0.08783820271492004,0.8031496061107424,42
rust,rd_gam_light_2x.png,0.10347382724285126,0.8159999990272523,973
rust,rd_gam_light_2x_zoom3.png,0.07991310954093933,0.8063241102920106,78
rust,rd_stem25_dark_1x.png,0.12810732424259186,1.3575758556579718,543
rust,rd_stem25_dark_1x_zoom3.png,0.11868366599082947,1.6,48
rust,rd_stem25_dark_2x.png,0.10716761648654938,1.0666666666666667,1021
rust,rd_stem25_dark_2x_zoom3.png,0.09066181629896164,1.1341773247226112,84
rust,rd_stem25_light_1x.png,0.12811605632305145,1.3599999432563805,543
rust,rd_stem25_light_1x_zoom3.png,0.11866845935583115,1.6062992122214848,48
rust,rd_stem25_light_2x.png,0.10716737061738968,1.0680628058935275,1021
rust,rd_stem25_light_2x_zoom3.png,0.09064874798059464,1.1333334008852682,84
rust,rd_stem50_dark_1x.png,0.15774381160736084,1.099386464473989,543
rust,rd_stem50_dark_1x_zoom3.png,0.16390877962112427,0.8239080532022065,48
rust,rd_stem50_dark_2x.png,0.11611438542604446,1.3176470403440275,1021
rust,rd_stem50_dark_2x_zoom3.png,0.10975827276706696,1.378461558686206,84
rust,rd_stem50_light_1x.png,0.15774992108345032,1.0967741692971742,543
rust,rd_stem50_light_1x_zoom3.png,0.1639089286327362,0.8242424480623896,48
rust,rd_stem50_light_2x.png,0.11611611396074295,1.3246752728919695,1021
rust,rd_stem50_light_2x_zoom3.png,0.10974987596273422,1.3783783189805456,84
